{
  "epsilon_result": {
    "f1": 0.7310298318962418,
    "precision": 0.5760869486944709,
    "recall": 0.999999976415095,
    "TP": 424.0,
    "TN": 27907.0,
    "FP": 312.0,
    "FN": 0.0,
    "threshold": 0.0915846899151802,
    "latency": 18.74976562792965,
    "reg_level": 1.0
  },
  "pot_result": {
    "f1": 0.7511024709524627,
    "precision": 0.6014184311855542,
    "recall": 0.999999976415095,
    "TP": 424.0,
    "TN": 27938.0,
    "FP": 281.0,
    "FN": 0.0,
    "threshold": 0.09636009386309745,
    "latency": 18.74976562792965
  },
  "bf_result": {
    "f1": 0.831367674922651,
    "precision": 0.7114093840367554,
    "recall": 0.999999976415095,
    "TP": 424.0,
    "TN": 28047.0,
    "FP": 172.0,
    "FN": 0.0,
    "threshold": 0.12940000000000002,
    "latency": 23.874701566230424
  }
}