{
  "epsilon_result": {
    "f1": 0.09651977697399002,
    "precision": 0.09493267993166617,
    "recall": 0.09817118291693279,
    "TP": 7505484.0,
    "TN": 657356205.0,
    "FP": 71555632.0,
    "FN": 68947542.0,
    "threshold": 0.13800748251378536,
    "latency": 0.124998437519531,
    "reg_level": 1.0
  },
  "pot_result": {
    "f1": 0.09799672281843877,
    "precision": 0.09493597689093013,
    "recall": 0.10127206737374904,
    "TP": 7742556.0,
    "TN": 655095925.0,
    "FP": 73813000.0,
    "FN": 68710470.0,
    "threshold": 0.09761968331756816,
    "latency": 0.124998437519531
  },
  "bf_result": {
    "f1": 0.14755397749317978,
    "precision": 0.09493042041741513,
    "recall": 0.3311244453254659,
    "TP": 25315440.0,
    "TN": 487552670.0,
    "FP": 241358192.0,
    "FN": 51137508.0,
    "threshold": 0.029900000000000003,
    "latency": 0.0
  }
}