{
  "epsilon_result": {
    "f1": 0.7348306941413509,
    "precision": 0.5808219098517546,
    "recall": 0.999999976415095,
    "TP": 424.0,
    "TN": 27913.0,
    "FP": 306.0,
    "FN": 0.0,
    "threshold": 0.09329900378361344,
    "latency": 20.624742190722618,
    "reg_level": 1.0
  },
  "pot_result": {
    "f1": 0.7667222021880081,
    "precision": 0.6217008706495474,
    "recall": 0.999999976415095,
    "TP": 424.0,
    "TN": 27961.0,
    "FP": 258.0,
    "FN": 0.0,
    "threshold": 0.09961366418587032,
    "latency": 20.624742190722618
  },
  "bf_result": {
    "f1": 0.8346407895999113,
    "precision": 0.7162162041179696,
    "recall": 0.999999976415095,
    "TP": 424.0,
    "TN": 28051.0,
    "FP": 168.0,
    "FN": 0.0,
    "threshold": 0.12940000000000002,
    "latency": 23.874701566230424
  }
}