{
  "bf_result": {
    "FN": 0.0,
    "FP": 0.0,
    "TN": 25685.0,
    "TP": 2694.0,
    "f1": 0.9999949963130473,
    "latency": 23.999700003749954,
    "precision": 0.9999999962880475,
    "recall": 0.9999999962880475,
    "threshold": 1.1642000000000012
  },
  "epsilon_result": {
    "FN": 0.0,
    "FP": 102.0,
    "TN": 25583.0,
    "TP": 2694.0,
    "f1": 0.9814157632034144,
    "latency": 0.6249921875976551,
    "precision": 0.9635193098586576,
    "recall": 0.9999999962880475,
    "reg_level": 1.0,
    "threshold": 0.14830132201313972
  },
  "pot_result": {
    "FN": 0.0,
    "FP": 234.0,
    "TN": 25451.0,
    "TP": 2694.0,
    "f1": 0.9583728067727786,
    "latency": 0.0,
    "precision": 0.9200819640707583,
    "recall": 0.9999999962880475,
    "threshold": 0.11062351562015157
  }
}