{
  "epsilon_result": {
    "f1": 0.5633029780592169,
    "precision": 0.8216080195575876,
    "recall": 0.428571422954503,
    "TP": 327.0,
    "TN": 22765.0,
    "FP": 71.0,
    "FN": 436.0,
    "threshold": 0.08301181346178055,
    "latency": 2.9999500008333198,
    "reg_level": 1.0
  },
  "pot_result": {
    "f1": 0.5709206934842811,
    "precision": 0.8709677185223732,
    "recall": 0.4246395750374892,
    "TP": 324.0,
    "TN": 22788.0,
    "FP": 48.0,
    "FN": 439.0,
    "threshold": 0.09866598191907563,
    "latency": 3.5999280014399715
  },
  "bf_result": {
    "f1": 0.8170068490843315,
    "precision": 0.7128906180381775,
    "recall": 0.9567496598066886,
    "TP": 730.0,
    "TN": 22542.0,
    "FP": 294.0,
    "FN": 33.0,
    "threshold": 0.049800000000000004,
    "latency": 2.2142698980721565
  }
}