{
  "epsilon_result": {
    "f1": 0.7037298670497436,
    "precision": 0.5428937190410535,
    "recall": 0.999999976415095,
    "TP": 424.0,
    "TN": 27862.0,
    "FP": 357.0,
    "FN": 0.0,
    "threshold": 0.08930278848856688,
    "latency": 18.49976875289059,
    "reg_level": 1.0
  },
  "pot_result": {
    "f1": 0.756462722859382,
    "precision": 0.6083213686037107,
    "recall": 0.999999976415095,
    "TP": 424.0,
    "TN": 27946.0,
    "FP": 273.0,
    "FN": 0.0,
    "threshold": 0.10190626340779009,
    "latency": 20.624742190722618
  },
  "bf_result": {
    "f1": 0.8240962077121664,
    "precision": 0.7008264346970837,
    "recall": 0.999999976415095,
    "TP": 424.0,
    "TN": 28038.0,
    "FP": 181.0,
    "FN": 0.0,
    "threshold": 0.12940000000000002,
    "latency": 23.874701566230424
  }
}