{
  "epsilon_result": {
    "f1": 0.36115768326635456,
    "precision": 0.6982455895352425,
    "recall": 0.24357404842626623,
    "TP": 199.0,
    "TN": 22700.0,
    "FP": 86.0,
    "FN": 618.0,
    "threshold": 0.08406900940462947,
    "latency": 24.99937501562461,
    "reg_level": 1.0
  },
  "pot_result": {
    "f1": 0.2033518337958892,
    "precision": 0.7080291453993325,
    "recall": 0.11872704873039108,
    "TP": 97.0,
    "TN": 22746.0,
    "FP": 40.0,
    "FN": 720.0,
    "threshold": 0.14785504623922743,
    "latency": 47.995200479952004
  },
  "bf_result": {
    "f1": 0.8188269364977915,
    "precision": 0.7979093983982648,
    "recall": 0.8408812626575121,
    "TP": 687.0,
    "TN": 22612.0,
    "FP": 174.0,
    "FN": 130.0,
    "threshold": 0.049800000000000004,
    "latency": 58.28488164454794
  }
}