{
  "dataset": "SMD_1-3",
  "comment": null,
  "containers": [
    "container_1",
    "container_2"
  ],
  "metrics": [
    "cpu_usage_pods",
    "memory_usage_pods",
    "cpu_limit_pods",
    "memory_limit_pods",
    "cpu_requests_pods",
    "memory_requests_pods",
    "cpu_usage_pods__",
    "pod_restarts",
    "pod_status_running",
    "pod_status_pending",
    "pod_status_failed",
    "pod_status_succeeded",
    "disk_io_operations",
    "network_io_bytes_received",
    "network_io_bytes_transmitted",
    "pod_evictions",
    "pod_uptime",
    "pods_by_node",
    "pod_cpu_throttling"
  ],
  "step_size": 60,
  "duration": 179220,
  "anomaly_sequence": false,
  "data_entries": 23703,
  "ranked_features": {
    "container_1_cpu_requests_pods": 0.02925782714800168,
    "container_1_cpu_usage_pods__": 0.0016457861676181275,
    "container_1_pod_uptime": 0.0014561082146340807,
    "container_1_pods_by_node": 0.0012383057225135077,
    "container_2_cpu_usage_pods": 0.000550743283031719,
    "container_2_pod_evictions": 0.0004951663232209431,
    "container_2_pod_uptime": 0.0004748855200339547,
    "container_2_disk_io_operations": 0.00047282412216650624,
    "container_1_pod_cpu_throttling": 0.0004527854911703863,
    "container_2_memory_limit_pods": 0.00045005048225228196,
    "container_2_cpu_limit_pods": 0.0004497361658904603,
    "container_2_memory_usage_pods": 0.00043789927901822893,
    "container_2_pod_status_running": 0.0004373452858060546,
    "container_2_pod_status_succeeded": 0.0004348943258919852,
    "container_2_memory_requests_pods": 0.000348126175184359,
    "container_1_memory_requests_pods": 0.00017352988136061075,
    "container_1_cpu_usage_pods": 0.00017025024229247628,
    "container_1_memory_limit_pods": 8.144987218510098e-05,
    "container_2_network_io_bytes_received": 7.522357245957293e-05,
    "container_1_cpu_limit_pods": 5.554384520647937e-05,
    "container_1_memory_usage_pods": 3.833865330013855e-05,
    "container_1_pod_status_running": 3.782099121317842e-05,
    "container_1_disk_io_operations": 3.228454724810495e-05,
    "container_2_network_io_bytes_transmitted": 2.4935572739235613e-05,
    "container_1_pod_status_failed": 2.4882499479078266e-05,
    "container_2_cpu_requests_pods": 1.3551567365059983e-05,
    "container_1_pod_status_pending": 9.902003981669162e-06,
    "container_1_network_io_bytes_transmitted": 7.416003994563901e-06,
    "container_1_pod_status_succeeded": 6.8347325131688785e-06,
    "container_2_cpu_usage_pods__": 6.7567221991851265e-06,
    "container_2_pod_status_failed": 1.0462816096143066e-06,
    "container_2_pod_status_pending": 1.9171099949633758e-07,
    "container_1_pod_restarts": 0.0,
    "container_2_pod_cpu_throttling": 0.0,
    "container_2_pod_restarts": -4.734848976437056e-08,
    "container_2_pods_by_node": -4.734848976437056e-08,
    "container_1_network_io_bytes_received": -1.3117025191994314e-06,
    "container_1_pod_evictions": -5.036961288511395e-06
  }
}