{
  "bf_result": {
    "FN": 7.0,
    "FP": 138.0,
    "TN": 25547.0,
    "TP": 2687.0,
    "f1": 0.9737221237931138,
    "latency": 323.5935281294374,
    "precision": 0.9511504391109719,
    "recall": 0.9974016295567868,
    "threshold": 0.4279000000000003
  },
  "epsilon_result": {
    "FN": 7.0,
    "FP": 514.0,
    "TN": 25171.0,
    "TP": 2687.0,
    "f1": 0.9116150508820658,
    "latency": 1.999960000799984,
    "precision": 0.839425177008981,
    "recall": 0.9974016295567868,
    "reg_level": 1.0,
    "threshold": 0.2669048495590687
  },
  "pot_result": {
    "FN": 7.0,
    "FP": 584.0,
    "TN": 25101.0,
    "TP": 2687.0,
    "f1": 0.9009170890549425,
    "latency": 1.999960000799984,
    "precision": 0.8214613243000265,
    "recall": 0.9974016295567868,
    "threshold": 0.2564257191540293
  }
}