{
  "bf_result": {
    "FN": 0.0,
    "FP": 71.0,
    "TN": 25614.0,
    "TP": 2694.0,
    "f1": 0.9869889521918835,
    "latency": 23.999700003749954,
    "precision": 0.9743218771272264,
    "recall": 0.9999999962880475,
    "threshold": 0.2886000000000001
  },
  "epsilon_result": {
    "FN": 0.0,
    "FP": 303.0,
    "TN": 25382.0,
    "TP": 2694.0,
    "f1": 0.9467530498815381,
    "latency": 3.374957813027337,
    "precision": 0.8988988958995698,
    "recall": 0.9999999962880475,
    "reg_level": 1.0,
    "threshold": 0.09348755981773138
  },
  "pot_result": {
    "FN": 0.0,
    "FP": 561.0,
    "TN": 25124.0,
    "TP": 2694.0,
    "f1": 0.9056934781582142,
    "latency": 3.374957813027337,
    "precision": 0.8276497670425506,
    "recall": 0.9999999962880475,
    "threshold": 0.07133786761721786
  }
}