{
  "epsilon_result": {
    "f1": 0.7297716004216498,
    "precision": 0.574525737472551,
    "recall": 0.999999976415095,
    "TP": 424.0,
    "TN": 27905.0,
    "FP": 314.0,
    "FN": 0.0,
    "threshold": 0.0944327162578702,
    "latency": 20.624742190722618,
    "reg_level": 1.0
  },
  "pot_result": {
    "f1": 0.7653382218227422,
    "precision": 0.6198830318730552,
    "recall": 0.999999976415095,
    "TP": 424.0,
    "TN": 27959.0,
    "FP": 260.0,
    "FN": 0.0,
    "threshold": 0.10523808841994511,
    "latency": 22.37472031599605
  },
  "bf_result": {
    "f1": 0.8404311859947852,
    "precision": 0.7247863123968152,
    "recall": 0.999999976415095,
    "TP": 424.0,
    "TN": 28058.0,
    "FP": 161.0,
    "FN": 0.0,
    "threshold": 0.12940000000000002,
    "latency": 23.74970312871089
  }
}