{
  "epsilon_result": {
    "f1": 0.3147077129550335,
    "precision": 0.6575875230510692,
    "recall": 0.20685434263336178,
    "TP": 169.0,
    "TN": 22698.0,
    "FP": 88.0,
    "FN": 648.0,
    "threshold": 0.08794565172865987,
    "latency": 29.99900003333222,
    "reg_level": 1.0
  },
  "pot_result": {
    "f1": 0.20572408549581597,
    "precision": 0.7698412087427612,
    "recall": 0.11872704873039108,
    "TP": 97.0,
    "TN": 22757.0,
    "FP": 29.0,
    "FN": 720.0,
    "threshold": 0.16277061814690735,
    "latency": 48.99510048995101
  },
  "bf_result": {
    "f1": 0.8347459014530355,
    "precision": 0.8287092783026625,
    "recall": 0.8408812626575121,
    "TP": 687.0,
    "TN": 22644.0,
    "FP": 142.0,
    "FN": 130.0,
    "threshold": 0.049800000000000004,
    "latency": 47.856459193440095
  }
}