{
  "epsilon_result": {
    "f1": 0.7212496752720938,
    "precision": 0.5734071942741386,
    "recall": 0.9718309631025596,
    "TP": 414.0,
    "TN": 22857.0,
    "FP": 308.0,
    "FN": 12.0,
    "threshold": 0.12999093905091286,
    "latency": 12.714104084227369,
    "reg_level": 1.0
  },
  "pot_result": {
    "f1": 0.5538420713982878,
    "precision": 0.3872778261246228,
    "recall": 0.9718309631025596,
    "TP": 414.0,
    "TN": 22510.0,
    "FP": 655.0,
    "FN": 12.0,
    "threshold": 0.10599173266862758,
    "latency": 12.571248982157398
  },
  "bf_result": {
    "f1": 0.9228974792152241,
    "precision": 0.892543840075793,
    "recall": 0.9553990386056564,
    "TP": 407.0,
    "TN": 23116.0,
    "FP": 49.0,
    "FN": 19.0,
    "threshold": 0.20900000000000002,
    "latency": 18.199636007279857
  }
}